,dataset,method,mrate,mtype,lags,nof_filters,inter_method,epoch,mse,calculation_time,model
0,chickenpox,STGCN,0.8,rand,4,16,cubic,50,12.168511390686035,149.22167658805847,GConvGRU
1,chickenpox,STGCN,0.8,rand,4,16,nearest,50,2.512889623641968,124.99463510513306,GConvGRU
2,chickenpox,IT-STGCN,0.8,rand,4,16,cubic,50,2.707125186920166,208.6719515323639,GConvGRU
3,chickenpox,IT-STGCN,0.8,rand,4,16,nearest,50,1.6431297063827517,139.97118830680847,GConvGRU
4,chickenpox,STGCN,0.8,rand,4,16,cubic,50,9.801788330078123,147.91983366012573,GConvGRU
5,chickenpox,STGCN,0.8,rand,4,16,nearest,50,2.9918928146362305,176.56760668754578,GConvGRU
6,chickenpox,IT-STGCN,0.8,rand,4,16,cubic,50,2.7551863193511963,150.36450386047363,GConvGRU
7,chickenpox,IT-STGCN,0.8,rand,4,16,nearest,50,1.4979442358016968,231.5244176387787,GConvGRU
8,chickenpox,STGCN,0.8,rand,4,16,cubic,50,9.359063148498535,140.45980668067932,GConvGRU
9,chickenpox,STGCN,0.8,rand,4,16,nearest,50,2.754239082336426,133.40348196029663,GConvGRU
10,chickenpox,IT-STGCN,0.8,rand,4,16,cubic,50,2.8565096855163574,207.71237707138064,GConvGRU
11,chickenpox,IT-STGCN,0.8,rand,4,16,nearest,50,1.5783569812774658,145.46868348121643,GConvGRU
12,chickenpox,STGCN,0.8,rand,4,16,cubic,50,7.418643951416016,169.84692192077637,GConvGRU
13,chickenpox,STGCN,0.8,rand,4,16,nearest,50,2.3804070949554443,123.75489473342896,GConvGRU
14,chickenpox,IT-STGCN,0.8,rand,4,16,cubic,50,2.6661500930786133,175.91387391090393,GConvGRU
15,chickenpox,IT-STGCN,0.8,rand,4,16,nearest,50,1.40688157081604,143.2743239402771,GConvGRU
16,chickenpox,STGCN,0.8,rand,4,16,cubic,50,7.511054992675781,148.17192101478577,GConvGRU
17,chickenpox,STGCN,0.8,rand,4,16,nearest,50,2.7098071575164795,161.06291484832764,GConvGRU
18,chickenpox,IT-STGCN,0.8,rand,4,16,cubic,50,2.080538034439087,123.87001991271973,GConvGRU
19,chickenpox,IT-STGCN,0.8,rand,4,16,nearest,50,1.3584431409835815,209.6120817661285,GConvGRU
20,chickenpox,STGCN,0.8,rand,4,16,cubic,50,9.814451217651367,137.68528175354004,GConvGRU
21,chickenpox,STGCN,0.8,rand,4,16,nearest,50,2.690514326095581,217.87625694274905,GConvGRU
22,chickenpox,IT-STGCN,0.8,rand,4,16,cubic,50,2.6679799556732178,173.43082118034363,GConvGRU
23,chickenpox,IT-STGCN,0.8,rand,4,16,nearest,50,2.3620026111602783,133.66571617126465,GConvGRU
24,chickenpox,STGCN,0.8,rand,4,16,cubic,50,9.643936157226562,197.2716627120972,GConvGRU
25,chickenpox,STGCN,0.8,rand,4,16,nearest,50,2.428250551223755,129.79899835586548,GConvGRU
26,chickenpox,IT-STGCN,0.8,rand,4,16,cubic,50,2.838716745376587,251.98300004005432,GConvGRU
27,chickenpox,IT-STGCN,0.8,rand,4,16,nearest,50,1.4386272430419922,146.8101224899292,GConvGRU
28,chickenpox,STGCN,0.8,rand,4,16,cubic,50,8.614092826843262,138.84802103042605,GConvGRU
29,chickenpox,STGCN,0.8,rand,4,16,nearest,50,2.9085824489593506,204.2010533809662,GConvGRU
30,chickenpox,IT-STGCN,0.8,rand,4,16,cubic,50,2.924679040908813,144.68642616271973,GConvGRU
31,chickenpox,IT-STGCN,0.8,rand,4,16,nearest,50,1.6280009746551514,192.87175488471985,GConvGRU
32,chickenpox,STGCN,0.8,rand,4,16,cubic,50,10.801547050476074,128.92460775375366,GConvGRU
33,chickenpox,STGCN,0.8,rand,4,16,nearest,50,2.7239577770233154,156.73359489440918,GConvGRU
34,chickenpox,IT-STGCN,0.8,rand,4,16,cubic,50,3.16139817237854,140.90344977378845,GConvGRU
35,chickenpox,IT-STGCN,0.8,rand,4,16,nearest,50,1.7498949766159058,150.01621532440186,GConvGRU
36,chickenpox,STGCN,0.8,rand,4,16,cubic,50,10.25743579864502,154.55237746238708,GConvGRU
37,chickenpox,STGCN,0.8,rand,4,16,nearest,50,2.560233354568481,128.51887488365173,GConvGRU
38,chickenpox,IT-STGCN,0.8,rand,4,16,cubic,50,2.1766679286956787,191.9400787353516,GConvGRU
39,chickenpox,IT-STGCN,0.8,rand,4,16,nearest,50,1.569892406463623,140.84939408302307,GConvGRU
40,chickenpox,STGCN,0.8,rand,4,16,cubic,50,10.35912799835205,115.08566474914552,GConvGRU
41,chickenpox,STGCN,0.8,rand,4,16,nearest,50,2.498805522918701,233.04913687705996,GConvGRU
42,chickenpox,IT-STGCN,0.8,rand,4,16,cubic,50,2.6810953617095947,142.638751745224,GConvGRU
43,chickenpox,IT-STGCN,0.8,rand,4,16,nearest,50,1.3719710111618042,187.0976839065552,GConvGRU
44,chickenpox,STGCN,0.8,rand,4,16,cubic,50,9.205928802490234,113.67820262908936,GConvGRU
45,chickenpox,STGCN,0.8,rand,4,16,nearest,50,2.569565296173096,126.5389482975006,GConvGRU
46,chickenpox,IT-STGCN,0.8,rand,4,16,cubic,50,2.351537704467773,178.69854164123535,GConvGRU
47,chickenpox,IT-STGCN,0.8,rand,4,16,nearest,50,1.502731204032898,128.81234192848206,GConvGRU
48,chickenpox,STGCN,0.8,rand,4,16,cubic,50,9.646931648254396,153.36298871040344,GConvGRU
49,chickenpox,STGCN,0.8,rand,4,16,nearest,50,2.8188400268554688,126.69024157524107,GConvGRU
50,chickenpox,IT-STGCN,0.8,rand,4,16,cubic,50,4.422178745269775,135.50018072128296,GConvGRU
51,chickenpox,IT-STGCN,0.8,rand,4,16,nearest,50,1.4786981344223022,163.47049260139465,GConvGRU
52,chickenpox,STGCN,0.8,rand,4,16,cubic,50,10.35286808013916,127.63815546035768,GConvGRU
53,chickenpox,STGCN,0.8,rand,4,16,nearest,50,2.9580237865448,159.69750905036926,GConvGRU
54,chickenpox,IT-STGCN,0.8,rand,4,16,cubic,50,3.5006308555603027,145.22750091552734,GConvGRU
55,chickenpox,IT-STGCN,0.8,rand,4,16,nearest,50,1.5083627700805664,123.28502368927002,GConvGRU
56,chickenpox,STGCN,0.8,rand,4,16,cubic,50,10.795522689819336,225.4900062084198,GConvGRU
57,chickenpox,STGCN,0.8,rand,4,16,nearest,50,2.7554049491882324,132.29939579963684,GConvGRU
58,chickenpox,IT-STGCN,0.8,rand,4,16,cubic,50,2.484407901763916,236.31392431259155,GConvGRU
59,chickenpox,IT-STGCN,0.8,rand,4,16,nearest,50,1.5151517391204834,124.19542169570924,GConvGRU
60,chickenpox,STGCN,0.8,rand,4,16,cubic,50,8.160520553588867,132.03623986244202,GConvGRU
61,chickenpox,STGCN,0.8,rand,4,16,nearest,50,2.380080223083496,159.8247628211975,GConvGRU
62,chickenpox,IT-STGCN,0.8,rand,4,16,cubic,50,3.189699172973633,141.00967717170715,GConvGRU
63,chickenpox,IT-STGCN,0.8,rand,4,16,nearest,50,1.502131462097168,165.95914721488953,GConvGRU
64,chickenpox,STGCN,0.8,rand,4,16,cubic,50,7.799440860748291,114.9143204689026,GConvGRU
65,chickenpox,STGCN,0.8,rand,4,16,nearest,50,2.516428709030152,140.2833423614502,GConvGRU
66,chickenpox,IT-STGCN,0.8,rand,4,16,cubic,50,3.942730665206909,159.50202226638794,GConvGRU
67,chickenpox,IT-STGCN,0.8,rand,4,16,nearest,50,1.669757843017578,130.66227984428406,GConvGRU
68,chickenpox,STGCN,0.8,rand,4,16,cubic,50,11.837342262268066,126.62885522842409,GConvGRU
69,chickenpox,STGCN,0.8,rand,4,16,nearest,50,2.639692068099976,130.31463432312012,GConvGRU
70,chickenpox,IT-STGCN,0.8,rand,4,16,cubic,50,2.069782018661499,142.7439796924591,GConvGRU
71,chickenpox,IT-STGCN,0.8,rand,4,16,nearest,50,1.622487187385559,123.93409895896912,GConvGRU
72,chickenpox,STGCN,0.8,rand,4,16,cubic,50,9.905963897705078,129.77996921539307,GConvGRU
73,chickenpox,STGCN,0.8,rand,4,16,nearest,50,2.476234436035156,134.66721415519714,GConvGRU
74,chickenpox,IT-STGCN,0.8,rand,4,16,cubic,50,2.5888612270355225,143.75172233581543,GConvGRU
75,chickenpox,IT-STGCN,0.8,rand,4,16,nearest,50,1.5837393999099731,123.4395740032196,GConvGRU
76,chickenpox,STGCN,0.8,rand,4,16,cubic,50,7.875747203826904,135.56569385528564,GConvGRU
77,chickenpox,STGCN,0.8,rand,4,16,nearest,50,2.585796594619751,126.8529851436615,GConvGRU
78,chickenpox,IT-STGCN,0.8,rand,4,16,cubic,50,2.228609561920166,124.01640129089355,GConvGRU
79,chickenpox,IT-STGCN,0.8,rand,4,16,nearest,50,1.7333548069000244,139.8343346118927,GConvGRU
80,chickenpox,STGCN,0.8,rand,4,16,cubic,50,7.90672492980957,136.62807774543762,GConvGRU
81,chickenpox,STGCN,0.8,rand,4,16,nearest,50,2.9543488025665283,110.8961946964264,GConvGRU
82,chickenpox,IT-STGCN,0.8,rand,4,16,cubic,50,2.860179901123047,124.921870470047,GConvGRU
83,chickenpox,IT-STGCN,0.8,rand,4,16,nearest,50,1.756375789642334,122.92399549484252,GConvGRU
84,chickenpox,STGCN,0.8,rand,4,16,cubic,50,5.682359218597412,119.28377747535706,GConvGRU
85,chickenpox,STGCN,0.8,rand,4,16,nearest,50,2.476163387298584,115.47288775444032,GConvGRU
86,chickenpox,IT-STGCN,0.8,rand,4,16,cubic,50,2.4302420616149902,123.70057725906372,GConvGRU
87,chickenpox,IT-STGCN,0.8,rand,4,16,nearest,50,1.44359028339386,122.81321597099304,GConvGRU
88,chickenpox,STGCN,0.8,rand,4,16,cubic,50,9.317181587219238,110.8921730518341,GConvGRU
89,chickenpox,STGCN,0.8,rand,4,16,nearest,50,2.297208309173584,110.65623235702516,GConvGRU
90,chickenpox,IT-STGCN,0.8,rand,4,16,cubic,50,3.213087558746338,122.45064806938171,GConvGRU
91,chickenpox,IT-STGCN,0.8,rand,4,16,nearest,50,1.4323064088821411,123.75722050666808,GConvGRU
92,chickenpox,STGCN,0.8,rand,4,16,cubic,50,7.980048179626465,114.48858165740968,GConvGRU
93,chickenpox,STGCN,0.8,rand,4,16,nearest,50,2.570650100708008,146.31977701187134,GConvGRU
94,chickenpox,IT-STGCN,0.8,rand,4,16,cubic,50,2.1532413959503174,123.15320682525636,GConvGRU
95,chickenpox,IT-STGCN,0.8,rand,4,16,nearest,50,1.4870336055755615,138.0075855255127,GConvGRU
96,chickenpox,STGCN,0.8,rand,4,16,cubic,50,5.472427845001221,134.61681842803955,GConvGRU
97,chickenpox,STGCN,0.8,rand,4,16,nearest,50,2.5620076656341557,113.22226119041444,GConvGRU
98,chickenpox,IT-STGCN,0.8,rand,4,16,cubic,50,2.899902820587158,155.19233679771423,GConvGRU
99,chickenpox,IT-STGCN,0.8,rand,4,16,nearest,50,1.3517138957977295,124.10325002670288,GConvGRU
100,chickenpox,STGCN,0.8,rand,4,16,cubic,50,9.031668663024902,114.46024012565611,GConvGRU
101,chickenpox,STGCN,0.8,rand,4,16,nearest,50,2.831809759140014,135.4167413711548,GConvGRU
102,chickenpox,IT-STGCN,0.8,rand,4,16,cubic,50,3.695594549179077,124.57060837745668,GConvGRU
103,chickenpox,IT-STGCN,0.8,rand,4,16,nearest,50,1.5677424669265747,152.83001923561096,GConvGRU
104,chickenpox,STGCN,0.8,rand,4,16,cubic,50,9.895073890686035,111.06797790527344,GConvGRU
105,chickenpox,STGCN,0.8,rand,4,16,nearest,50,2.703685760498047,110.8654432296753,GConvGRU
106,chickenpox,IT-STGCN,0.8,rand,4,16,cubic,50,3.1771492958068848,151.14097023010254,GConvGRU
107,chickenpox,IT-STGCN,0.8,rand,4,16,nearest,50,1.3522051572799685,122.49157643318176,GConvGRU
108,chickenpox,STGCN,0.8,rand,4,16,cubic,50,11.62472915649414,125.25077390670776,GConvGRU
109,chickenpox,STGCN,0.8,rand,4,16,nearest,50,2.6705029010772705,122.06963109970091,GConvGRU
110,chickenpox,IT-STGCN,0.8,rand,4,16,cubic,50,3.60840368270874,124.76342511177064,GConvGRU
111,chickenpox,IT-STGCN,0.8,rand,4,16,nearest,50,1.5642114877700806,151.27658224105835,GConvGRU
112,chickenpox,STGCN,0.8,rand,4,16,cubic,50,11.83961582183838,112.05846428871156,GConvGRU
113,chickenpox,STGCN,0.8,rand,4,16,nearest,50,2.783517360687256,117.93639397621156,GConvGRU
114,chickenpox,IT-STGCN,0.8,rand,4,16,cubic,50,2.6465797424316406,147.0793206691742,GConvGRU
115,chickenpox,IT-STGCN,0.8,rand,4,16,nearest,50,1.5371143817901611,123.1294448375702,GConvGRU
116,chickenpox,STGCN,0.8,rand,4,16,cubic,50,5.642855167388916,136.49812269210815,GConvGRU
117,chickenpox,STGCN,0.8,rand,4,16,nearest,50,2.7817394733428955,114.35629677772522,GConvGRU
118,chickenpox,IT-STGCN,0.8,rand,4,16,cubic,50,3.595630168914795,123.09871172904968,GConvGRU
119,chickenpox,IT-STGCN,0.8,rand,4,16,nearest,50,1.4550435543060305,153.09326767921448,GConvGRU
0,chickenpox,STGCN,0.8,rand,4,16,cubic,50,1.1914626359939575,31.579993724823,EvolveGCNH
1,chickenpox,STGCN,0.8,rand,4,16,nearest,50,1.1345045566558838,32.33187532424927,EvolveGCNH
2,chickenpox,IT-STGCN,0.8,rand,4,16,cubic,50,1.0821175575256348,45.23879551887512,EvolveGCNH
3,chickenpox,IT-STGCN,0.8,rand,4,16,nearest,50,1.1631755828857422,44.44938254356384,EvolveGCNH
4,chickenpox,STGCN,0.8,rand,4,16,cubic,50,1.1009423732757568,39.15722131729126,EvolveGCNH
5,chickenpox,STGCN,0.8,rand,4,16,nearest,50,1.246413230895996,47.64315485954285,EvolveGCNH
6,chickenpox,IT-STGCN,0.8,rand,4,16,cubic,50,1.1125504970550537,48.898661375045776,EvolveGCNH
7,chickenpox,IT-STGCN,0.8,rand,4,16,nearest,50,1.1423851251602173,46.16999769210816,EvolveGCNH
8,chickenpox,STGCN,0.8,rand,4,16,cubic,50,1.1617594957351685,32.29567575454712,EvolveGCNH
9,chickenpox,STGCN,0.8,rand,4,16,nearest,50,1.1133368015289309,32.16443586349487,EvolveGCNH
10,chickenpox,IT-STGCN,0.8,rand,4,16,cubic,50,1.2310644388198853,44.56742072105408,EvolveGCNH
11,chickenpox,IT-STGCN,0.8,rand,4,16,nearest,50,1.1234525442123413,44.14243364334106,EvolveGCNH
12,chickenpox,STGCN,0.8,rand,4,16,cubic,50,1.1157844066619873,41.84638357162476,EvolveGCNH
13,chickenpox,STGCN,0.8,rand,4,16,nearest,50,1.2835326194763184,44.81245827674866,EvolveGCNH
14,chickenpox,IT-STGCN,0.8,rand,4,16,cubic,50,1.1813631057739258,44.67527842521668,EvolveGCNH
15,chickenpox,IT-STGCN,0.8,rand,4,16,nearest,50,1.102573275566101,45.36411452293396,EvolveGCNH
16,chickenpox,STGCN,0.8,rand,4,16,cubic,50,1.1558613777160645,31.941821336746216,EvolveGCNH
17,chickenpox,STGCN,0.8,rand,4,16,nearest,50,1.1538816690444946,31.78313541412353,EvolveGCNH
18,chickenpox,IT-STGCN,0.8,rand,4,16,cubic,50,1.1028448343276978,46.81482338905335,EvolveGCNH
19,chickenpox,IT-STGCN,0.8,rand,4,16,nearest,50,1.103805661201477,45.16832709312439,EvolveGCNH
20,chickenpox,STGCN,0.8,rand,4,16,cubic,50,1.0971468687057495,44.79003834724426,EvolveGCNH
21,chickenpox,STGCN,0.8,rand,4,16,nearest,50,1.2117103338241575,41.93668246269226,EvolveGCNH
22,chickenpox,IT-STGCN,0.8,rand,4,16,cubic,50,1.1175267696380615,44.90937542915344,EvolveGCNH
23,chickenpox,IT-STGCN,0.8,rand,4,16,nearest,50,1.1922091245651243,43.95795941352844,EvolveGCNH
24,chickenpox,STGCN,0.8,rand,4,16,cubic,50,1.231123447418213,32.49461126327515,EvolveGCNH
25,chickenpox,STGCN,0.8,rand,4,16,nearest,50,1.143025040626526,31.975954294204712,EvolveGCNH
26,chickenpox,IT-STGCN,0.8,rand,4,16,cubic,50,1.1658625602722168,44.24355530738831,EvolveGCNH
27,chickenpox,IT-STGCN,0.8,rand,4,16,nearest,50,1.2097138166427612,50.981656074523926,EvolveGCNH
28,chickenpox,STGCN,0.8,rand,4,16,cubic,50,1.1182125806808472,43.29747486114502,EvolveGCNH
29,chickenpox,STGCN,0.8,rand,4,16,nearest,50,1.2873313426971436,37.599833250045776,EvolveGCNH
30,chickenpox,IT-STGCN,0.8,rand,4,16,cubic,50,1.1217132806777954,44.89734673500061,EvolveGCNH
31,chickenpox,IT-STGCN,0.8,rand,4,16,nearest,50,1.1217025518417358,45.144209146499634,EvolveGCNH
32,chickenpox,STGCN,0.8,rand,4,16,cubic,50,1.2067902088165283,32.00420641899109,EvolveGCNH
33,chickenpox,STGCN,0.8,rand,4,16,nearest,50,1.291761040687561,32.116544246673584,EvolveGCNH
34,chickenpox,IT-STGCN,0.8,rand,4,16,cubic,50,1.1493889093399048,44.514171838760376,EvolveGCNH
35,chickenpox,IT-STGCN,0.8,rand,4,16,nearest,50,1.1137454509735107,51.05876016616821,EvolveGCNH
36,chickenpox,STGCN,0.8,rand,4,16,cubic,50,1.2438604831695557,45.21525263786316,EvolveGCNH
37,chickenpox,STGCN,0.8,rand,4,16,nearest,50,1.2031009197235107,33.02972650527954,EvolveGCNH
38,chickenpox,IT-STGCN,0.8,rand,4,16,cubic,50,1.234147548675537,44.78331589698792,EvolveGCNH
39,chickenpox,IT-STGCN,0.8,rand,4,16,nearest,50,1.1226547956466677,45.29375648498535,EvolveGCNH
40,chickenpox,STGCN,0.8,rand,4,16,cubic,50,1.2297221422195437,32.31227111816406,EvolveGCNH
41,chickenpox,STGCN,0.8,rand,4,16,nearest,50,1.2907609939575195,32.161179304122925,EvolveGCNH
42,chickenpox,IT-STGCN,0.8,rand,4,16,cubic,50,1.220607876777649,45.48512005805969,EvolveGCNH
43,chickenpox,IT-STGCN,0.8,rand,4,16,nearest,50,1.113849639892578,54.5812726020813,EvolveGCNH
44,chickenpox,STGCN,0.8,rand,4,16,cubic,50,1.1240826845169067,43.37019157409668,EvolveGCNH
45,chickenpox,STGCN,0.8,rand,4,16,nearest,50,1.1646922826766968,32.23822331428528,EvolveGCNH
46,chickenpox,IT-STGCN,0.8,rand,4,16,cubic,50,1.1238731145858765,45.95315098762512,EvolveGCNH
47,chickenpox,IT-STGCN,0.8,rand,4,16,nearest,50,1.1539902687072754,43.60614609718323,EvolveGCNH
48,chickenpox,STGCN,0.8,rand,4,16,cubic,50,1.2401350736618042,31.596709728240967,EvolveGCNH
49,chickenpox,STGCN,0.8,rand,4,16,nearest,50,1.2541052103042605,31.689608335494995,EvolveGCNH
50,chickenpox,IT-STGCN,0.8,rand,4,16,cubic,50,1.1759064197540283,44.408751487731934,EvolveGCNH
51,chickenpox,IT-STGCN,0.8,rand,4,16,nearest,50,1.1279535293579102,63.00680780410767,EvolveGCNH
52,chickenpox,STGCN,0.8,rand,4,16,cubic,50,1.2035647630691528,42.01056241989136,EvolveGCNH
53,chickenpox,STGCN,0.8,rand,4,16,nearest,50,1.2098604440689087,31.765827417373657,EvolveGCNH
54,chickenpox,IT-STGCN,0.8,rand,4,16,cubic,50,1.2554833889007568,45.699791431427,EvolveGCNH
55,chickenpox,IT-STGCN,0.8,rand,4,16,nearest,50,1.1177722215652466,45.12048697471619,EvolveGCNH
56,chickenpox,STGCN,0.8,rand,4,16,cubic,50,1.1755311489105225,32.44970679283142,EvolveGCNH
57,chickenpox,STGCN,0.8,rand,4,16,nearest,50,1.1977897882461548,32.0438768863678,EvolveGCNH
58,chickenpox,IT-STGCN,0.8,rand,4,16,cubic,50,1.2062009572982788,48.94492721557617,EvolveGCNH
59,chickenpox,IT-STGCN,0.8,rand,4,16,nearest,50,1.0876684188842771,63.677719593048096,EvolveGCNH
60,chickenpox,STGCN,0.8,rand,4,16,cubic,50,1.131933093070984,31.96493124961853,EvolveGCNH
61,chickenpox,STGCN,0.8,rand,4,16,nearest,50,1.1426820755004885,32.26684522628784,EvolveGCNH
62,chickenpox,IT-STGCN,0.8,rand,4,16,cubic,50,1.18855881690979,45.06245136260986,EvolveGCNH
63,chickenpox,IT-STGCN,0.8,rand,4,16,nearest,50,1.1408182382583618,44.71919775009155,EvolveGCNH
64,chickenpox,STGCN,0.8,rand,4,16,cubic,50,1.2442089319229126,31.35381841659546,EvolveGCNH
65,chickenpox,STGCN,0.8,rand,4,16,nearest,50,1.126679301261902,32.395161628723145,EvolveGCNH
66,chickenpox,IT-STGCN,0.8,rand,4,16,cubic,50,1.42621910572052,52.56385517120361,EvolveGCNH
67,chickenpox,IT-STGCN,0.8,rand,4,16,nearest,50,1.128598928451538,60.75994062423706,EvolveGCNH
68,chickenpox,STGCN,0.8,rand,4,16,cubic,50,1.1434122323989868,31.55404233932495,EvolveGCNH
69,chickenpox,STGCN,0.8,rand,4,16,nearest,50,1.2341896295547483,31.377817153930664,EvolveGCNH
70,chickenpox,IT-STGCN,0.8,rand,4,16,cubic,50,1.1321715116500854,45.02479362487793,EvolveGCNH
71,chickenpox,IT-STGCN,0.8,rand,4,16,nearest,50,1.088681697845459,45.70723485946655,EvolveGCNH
72,chickenpox,STGCN,0.8,rand,4,16,cubic,50,1.2536743879318235,32.474892139434814,EvolveGCNH
73,chickenpox,STGCN,0.8,rand,4,16,nearest,50,1.1417444944381714,31.450065851211548,EvolveGCNH
74,chickenpox,IT-STGCN,0.8,rand,4,16,cubic,50,1.177570104598999,55.42060208320618,EvolveGCNH
75,chickenpox,IT-STGCN,0.8,rand,4,16,nearest,50,1.077136754989624,63.74710869789124,EvolveGCNH
76,chickenpox,STGCN,0.8,rand,4,16,cubic,50,1.2005654573440552,32.06877160072327,EvolveGCNH
77,chickenpox,STGCN,0.8,rand,4,16,nearest,50,1.204469919204712,31.24058246612549,EvolveGCNH
78,chickenpox,IT-STGCN,0.8,rand,4,16,cubic,50,1.2428361177444458,43.767050981521606,EvolveGCNH
79,chickenpox,IT-STGCN,0.8,rand,4,16,nearest,50,1.1692770719528198,43.74613213539124,EvolveGCNH
80,chickenpox,STGCN,0.8,rand,4,16,cubic,50,1.3180805444717407,32.07948684692383,EvolveGCNH
81,chickenpox,STGCN,0.8,rand,4,16,nearest,50,1.2468225955963137,31.52891159057617,EvolveGCNH
82,chickenpox,IT-STGCN,0.8,rand,4,16,cubic,50,1.186354160308838,52.56275415420532,EvolveGCNH
83,chickenpox,IT-STGCN,0.8,rand,4,16,nearest,50,1.133485198020935,59.20009160041809,EvolveGCNH
84,chickenpox,STGCN,0.8,rand,4,16,cubic,50,1.175594925880432,31.649779558181763,EvolveGCNH
85,chickenpox,STGCN,0.8,rand,4,16,nearest,50,1.2312994003295898,31.380797386169437,EvolveGCNH
86,chickenpox,IT-STGCN,0.8,rand,4,16,cubic,50,1.2202476263046265,43.55289196968079,EvolveGCNH
87,chickenpox,IT-STGCN,0.8,rand,4,16,nearest,50,1.159090280532837,42.96205997467041,EvolveGCNH
88,chickenpox,STGCN,0.8,rand,4,16,cubic,50,1.2003560066223145,31.13432288169861,EvolveGCNH
89,chickenpox,STGCN,0.8,rand,4,16,nearest,50,1.1371781826019287,31.48059153556824,EvolveGCNH
90,chickenpox,IT-STGCN,0.8,rand,4,16,cubic,50,1.180253028869629,51.47238755226135,EvolveGCNH
91,chickenpox,IT-STGCN,0.8,rand,4,16,nearest,50,1.191676378250122,59.40817856788635,EvolveGCNH
92,chickenpox,STGCN,0.8,rand,4,16,cubic,50,1.2029321193695068,33.842106342315674,EvolveGCNH
93,chickenpox,STGCN,0.8,rand,4,16,nearest,50,1.1690261363983154,32.60051941871643,EvolveGCNH
94,chickenpox,IT-STGCN,0.8,rand,4,16,cubic,50,1.2031123638153076,45.45059585571289,EvolveGCNH
95,chickenpox,IT-STGCN,0.8,rand,4,16,nearest,50,1.1120991706848145,44.67660856246948,EvolveGCNH
96,chickenpox,STGCN,0.8,rand,4,16,cubic,50,1.1893982887268066,31.926473140716556,EvolveGCNH
97,chickenpox,STGCN,0.8,rand,4,16,nearest,50,1.287442922592163,32.56007266044617,EvolveGCNH
98,chickenpox,IT-STGCN,0.8,rand,4,16,cubic,50,1.1637035608291626,52.71811079978943,EvolveGCNH
99,chickenpox,IT-STGCN,0.8,rand,4,16,nearest,50,1.1505087614059448,61.74409866333008,EvolveGCNH
100,chickenpox,STGCN,0.8,rand,4,16,cubic,50,1.3136080503463743,32.37738800048828,EvolveGCNH
101,chickenpox,STGCN,0.8,rand,4,16,nearest,50,1.2145118713378906,32.79186677932739,EvolveGCNH
102,chickenpox,IT-STGCN,0.8,rand,4,16,cubic,50,1.2124439477920532,44.290456771850586,EvolveGCNH
103,chickenpox,IT-STGCN,0.8,rand,4,16,nearest,50,1.136542558670044,44.26163172721863,EvolveGCNH
104,chickenpox,STGCN,0.8,rand,4,16,cubic,50,1.1639280319213867,31.478256940841675,EvolveGCNH
105,chickenpox,STGCN,0.8,rand,4,16,nearest,50,1.2237647771835327,31.492696285247803,EvolveGCNH
106,chickenpox,IT-STGCN,0.8,rand,4,16,cubic,50,1.1229515075683594,50.91481304168701,EvolveGCNH
107,chickenpox,IT-STGCN,0.8,rand,4,16,nearest,50,1.1827336549758911,62.145400285720825,EvolveGCNH
108,chickenpox,STGCN,0.8,rand,4,16,cubic,50,1.1711000204086304,32.32191109657288,EvolveGCNH
109,chickenpox,STGCN,0.8,rand,4,16,nearest,50,1.129649639129639,32.31412649154663,EvolveGCNH
110,chickenpox,IT-STGCN,0.8,rand,4,16,cubic,50,1.325929045677185,46.805116176605225,EvolveGCNH
111,chickenpox,IT-STGCN,0.8,rand,4,16,nearest,50,1.1226054430007937,45.48185729980469,EvolveGCNH
112,chickenpox,STGCN,0.8,rand,4,16,cubic,50,1.2360115051269531,31.970942974090576,EvolveGCNH
113,chickenpox,STGCN,0.8,rand,4,16,nearest,50,1.224113702774048,31.986703395843502,EvolveGCNH
114,chickenpox,IT-STGCN,0.8,rand,4,16,cubic,50,1.1339070796966553,56.42461442947388,EvolveGCNH
115,chickenpox,IT-STGCN,0.8,rand,4,16,nearest,50,1.0828694105148315,56.40291929244995,EvolveGCNH
116,chickenpox,STGCN,0.8,rand,4,16,cubic,50,1.1683589220046997,32.044074296951294,EvolveGCNH
117,chickenpox,STGCN,0.8,rand,4,16,nearest,50,1.1210639476776123,32.24873685836792,EvolveGCNH
118,chickenpox,IT-STGCN,0.8,rand,4,16,cubic,50,1.2134780883789062,44.24399948120117,EvolveGCNH
119,chickenpox,IT-STGCN,0.8,rand,4,16,nearest,50,1.1838184595108032,43.24667477607727,EvolveGCNH
0,chickenpox,STGCN,0.8,rand,4,16,cubic,50,1.3049514293670654,19.61424350738525,EvolveGCNO
1,chickenpox,STGCN,0.8,rand,4,16,nearest,50,1.2654776573181152,19.83241319656372,EvolveGCNO
2,chickenpox,IT-STGCN,0.8,rand,4,16,cubic,50,1.2601348161697388,32.39688467979431,EvolveGCNO
3,chickenpox,IT-STGCN,0.8,rand,4,16,nearest,50,1.1332775354385376,44.21147656440735,EvolveGCNO
4,chickenpox,STGCN,0.8,rand,4,16,cubic,50,1.252087116241455,29.921245336532596,EvolveGCNO
5,chickenpox,STGCN,0.8,rand,4,16,nearest,50,1.2103919982910156,22.179278135299683,EvolveGCNO
6,chickenpox,IT-STGCN,0.8,rand,4,16,cubic,50,1.232440948486328,33.093693256378174,EvolveGCNO
7,chickenpox,IT-STGCN,0.8,rand,4,16,nearest,50,1.2569730281829834,32.129443883895874,EvolveGCNO
8,chickenpox,STGCN,0.8,rand,4,16,cubic,50,1.190916657447815,20.083624601364136,EvolveGCNO
9,chickenpox,STGCN,0.8,rand,4,16,nearest,50,1.2479865550994873,20.291192770004272,EvolveGCNO
10,chickenpox,IT-STGCN,0.8,rand,4,16,cubic,50,1.1829978227615356,33.12774848937988,EvolveGCNO
11,chickenpox,IT-STGCN,0.8,rand,4,16,nearest,50,1.1507256031036377,32.723029136657715,EvolveGCNO
12,chickenpox,STGCN,0.8,rand,4,16,cubic,50,1.6114397048950195,20.078102827072144,EvolveGCNO
13,chickenpox,STGCN,0.8,rand,4,16,nearest,50,1.217220425605774,20.334015369415283,EvolveGCNO
14,chickenpox,IT-STGCN,0.8,rand,4,16,cubic,50,1.2208455801010132,40.27652478218079,EvolveGCNO
15,chickenpox,IT-STGCN,0.8,rand,4,16,nearest,50,1.1884454488754272,47.7653911113739,EvolveGCNO
16,chickenpox,STGCN,0.8,rand,4,16,cubic,50,1.2764273881912231,21.853251457214355,EvolveGCNO
17,chickenpox,STGCN,0.8,rand,4,16,nearest,50,1.2646251916885376,20.344298601150516,EvolveGCNO
18,chickenpox,IT-STGCN,0.8,rand,4,16,cubic,50,1.4944865703582764,32.82939887046814,EvolveGCNO
19,chickenpox,IT-STGCN,0.8,rand,4,16,nearest,50,1.302706003189087,31.405160188674927,EvolveGCNO
20,chickenpox,STGCN,0.8,rand,4,16,cubic,50,1.3278049230575562,19.980055570602417,EvolveGCNO
21,chickenpox,STGCN,0.8,rand,4,16,nearest,50,1.3476089239120483,19.795488834381104,EvolveGCNO
22,chickenpox,IT-STGCN,0.8,rand,4,16,cubic,50,1.2462341785430908,32.670583724975586,EvolveGCNO
23,chickenpox,IT-STGCN,0.8,rand,4,16,nearest,50,1.2037359476089478,31.58884596824646,EvolveGCNO
24,chickenpox,STGCN,0.8,rand,4,16,cubic,50,1.3863942623138428,19.52761673927307,EvolveGCNO
25,chickenpox,STGCN,0.8,rand,4,16,nearest,50,1.4864882230758667,19.681395053863525,EvolveGCNO
26,chickenpox,IT-STGCN,0.8,rand,4,16,cubic,50,1.3812094926834106,46.96575450897217,EvolveGCNO
27,chickenpox,IT-STGCN,0.8,rand,4,16,nearest,50,1.156247854232788,45.90638041496277,EvolveGCNO
28,chickenpox,STGCN,0.8,rand,4,16,cubic,50,1.2425121068954468,20.05818104743957,EvolveGCNO
29,chickenpox,STGCN,0.8,rand,4,16,nearest,50,1.4761838912963867,20.22555613517761,EvolveGCNO
30,chickenpox,IT-STGCN,0.8,rand,4,16,cubic,50,1.2677483558654783,33.56194186210632,EvolveGCNO
31,chickenpox,IT-STGCN,0.8,rand,4,16,nearest,50,1.1034272909164429,32.671183824539185,EvolveGCNO
32,chickenpox,STGCN,0.8,rand,4,16,cubic,50,1.2833298444747925,22.73104238510132,EvolveGCNO
33,chickenpox,STGCN,0.8,rand,4,16,nearest,50,1.3743014335632324,19.824889183044437,EvolveGCNO
34,chickenpox,IT-STGCN,0.8,rand,4,16,cubic,50,1.2891587018966677,31.81879234313965,EvolveGCNO
35,chickenpox,IT-STGCN,0.8,rand,4,16,nearest,50,1.112533688545227,31.54782557487488,EvolveGCNO
36,chickenpox,STGCN,0.8,rand,4,16,cubic,50,1.215757131576538,19.99003005027771,EvolveGCNO
37,chickenpox,STGCN,0.8,rand,4,16,nearest,50,1.33433198928833,28.73129606246948,EvolveGCNO
38,chickenpox,IT-STGCN,0.8,rand,4,16,cubic,50,1.177889108657837,48.717681884765625,EvolveGCNO
39,chickenpox,IT-STGCN,0.8,rand,4,16,nearest,50,1.2382221221923828,33.94147753715515,EvolveGCNO
40,chickenpox,STGCN,0.8,rand,4,16,cubic,50,1.21068274974823,20.50922393798828,EvolveGCNO
41,chickenpox,STGCN,0.8,rand,4,16,nearest,50,1.347728610038757,20.246877193450928,EvolveGCNO
42,chickenpox,IT-STGCN,0.8,rand,4,16,cubic,50,1.2819052934646606,31.740958213806152,EvolveGCNO
43,chickenpox,IT-STGCN,0.8,rand,4,16,nearest,50,1.2130063772201538,31.606536388397217,EvolveGCNO
44,chickenpox,STGCN,0.8,rand,4,16,cubic,50,1.3612349033355713,19.657573461532596,EvolveGCNO
45,chickenpox,STGCN,0.8,rand,4,16,nearest,50,1.137614369392395,19.91635489463806,EvolveGCNO
46,chickenpox,IT-STGCN,0.8,rand,4,16,cubic,50,1.266696572303772,33.368000984191895,EvolveGCNO
47,chickenpox,IT-STGCN,0.8,rand,4,16,nearest,50,1.223184585571289,32.4187126159668,EvolveGCNO
48,chickenpox,STGCN,0.8,rand,4,16,cubic,50,1.1413390636444092,28.26851725578308,EvolveGCNO
49,chickenpox,STGCN,0.8,rand,4,16,nearest,50,1.2009649276733398,31.632152318954468,EvolveGCNO
50,chickenpox,IT-STGCN,0.8,rand,4,16,cubic,50,1.2720767259597778,40.18490743637085,EvolveGCNO
51,chickenpox,IT-STGCN,0.8,rand,4,16,nearest,50,1.1326625347137451,33.29013800621033,EvolveGCNO
52,chickenpox,STGCN,0.8,rand,4,16,cubic,50,1.1692657470703125,20.722774744033813,EvolveGCNO
53,chickenpox,STGCN,0.8,rand,4,16,nearest,50,1.316569685935974,20.001205444335938,EvolveGCNO
54,chickenpox,IT-STGCN,0.8,rand,4,16,cubic,50,1.1924079656600952,33.25466871261597,EvolveGCNO
55,chickenpox,IT-STGCN,0.8,rand,4,16,nearest,50,1.161691427230835,32.58653378486633,EvolveGCNO
56,chickenpox,STGCN,0.8,rand,4,16,cubic,50,1.260022759437561,20.341155529022217,EvolveGCNO
57,chickenpox,STGCN,0.8,rand,4,16,nearest,50,1.3913962841033936,20.36254501342773,EvolveGCNO
58,chickenpox,IT-STGCN,0.8,rand,4,16,cubic,50,1.179085373878479,32.34229159355164,EvolveGCNO
59,chickenpox,IT-STGCN,0.8,rand,4,16,nearest,50,1.1432936191558838,43.11030530929565,EvolveGCNO
60,chickenpox,STGCN,0.8,rand,4,16,cubic,50,1.2310274839401243,29.9901225566864,EvolveGCNO
61,chickenpox,STGCN,0.8,rand,4,16,nearest,50,1.2542307376861572,27.14964818954468,EvolveGCNO
62,chickenpox,IT-STGCN,0.8,rand,4,16,cubic,50,1.2104082107543943,32.68786263465881,EvolveGCNO
63,chickenpox,IT-STGCN,0.8,rand,4,16,nearest,50,1.1422863006591797,31.664978504180908,EvolveGCNO
64,chickenpox,STGCN,0.8,rand,4,16,cubic,50,1.495653748512268,20.29613256454468,EvolveGCNO
65,chickenpox,STGCN,0.8,rand,4,16,nearest,50,1.3274883031845093,19.86591410636902,EvolveGCNO
66,chickenpox,IT-STGCN,0.8,rand,4,16,cubic,50,1.1948390007019043,32.8326141834259,EvolveGCNO
67,chickenpox,IT-STGCN,0.8,rand,4,16,nearest,50,1.1543914079666138,32.10714840888977,EvolveGCNO
68,chickenpox,STGCN,0.8,rand,4,16,cubic,50,1.5009496212005615,20.11154866218567,EvolveGCNO
69,chickenpox,STGCN,0.8,rand,4,16,nearest,50,1.224009990692139,20.133570671081543,EvolveGCNO
70,chickenpox,IT-STGCN,0.8,rand,4,16,cubic,50,1.35971200466156,32.639907121658325,EvolveGCNO
71,chickenpox,IT-STGCN,0.8,rand,4,16,nearest,50,1.1839393377304075,48.55800485610962,EvolveGCNO
72,chickenpox,STGCN,0.8,rand,4,16,cubic,50,1.2182761430740356,28.785325288772583,EvolveGCNO
73,chickenpox,STGCN,0.8,rand,4,16,nearest,50,1.422318458557129,20.609472513198853,EvolveGCNO
74,chickenpox,IT-STGCN,0.8,rand,4,16,cubic,50,1.156880259513855,33.85574197769165,EvolveGCNO
75,chickenpox,IT-STGCN,0.8,rand,4,16,nearest,50,1.1431527137756348,32.54561805725098,EvolveGCNO
76,chickenpox,STGCN,0.8,rand,4,16,cubic,50,1.3479007482528689,20.10502028465271,EvolveGCNO
77,chickenpox,STGCN,0.8,rand,4,16,nearest,50,1.3408026695251465,20.04444408416748,EvolveGCNO
78,chickenpox,IT-STGCN,0.8,rand,4,16,cubic,50,1.2426908016204834,33.10070085525513,EvolveGCNO
79,chickenpox,IT-STGCN,0.8,rand,4,16,nearest,50,1.1276969909667969,33.40100860595703,EvolveGCNO
80,chickenpox,STGCN,0.8,rand,4,16,cubic,50,1.3013514280319214,20.36870813369751,EvolveGCNO
81,chickenpox,STGCN,0.8,rand,4,16,nearest,50,1.3747514486312866,20.29145812988281,EvolveGCNO
82,chickenpox,IT-STGCN,0.8,rand,4,16,cubic,50,1.1424208879470823,45.80053448677063,EvolveGCNO
83,chickenpox,IT-STGCN,0.8,rand,4,16,nearest,50,1.1527665853500366,43.86474084854126,EvolveGCNO
84,chickenpox,STGCN,0.8,rand,4,16,cubic,50,1.507590413093567,20.077227115631104,EvolveGCNO
85,chickenpox,STGCN,0.8,rand,4,16,nearest,50,1.220367670059204,20.131224632263184,EvolveGCNO
86,chickenpox,IT-STGCN,0.8,rand,4,16,cubic,50,1.2818737030029297,34.499964475631714,EvolveGCNO
87,chickenpox,IT-STGCN,0.8,rand,4,16,nearest,50,1.1890734434127808,32.501601457595825,EvolveGCNO
88,chickenpox,STGCN,0.8,rand,4,16,cubic,50,1.1683712005615234,19.889832496643063,EvolveGCNO
89,chickenpox,STGCN,0.8,rand,4,16,nearest,50,1.433275818824768,20.40414762496948,EvolveGCNO
90,chickenpox,IT-STGCN,0.8,rand,4,16,cubic,50,1.3866459131240845,33.042015075683594,EvolveGCNO
91,chickenpox,IT-STGCN,0.8,rand,4,16,nearest,50,1.1214195489883425,32.08422517776489,EvolveGCNO
92,chickenpox,STGCN,0.8,rand,4,16,cubic,50,1.235753297805786,20.131794214248657,EvolveGCNO
93,chickenpox,STGCN,0.8,rand,4,16,nearest,50,1.3390008211135864,27.498347282409668,EvolveGCNO
94,chickenpox,IT-STGCN,0.8,rand,4,16,cubic,50,1.3073982000350952,50.41802191734314,EvolveGCNO
95,chickenpox,IT-STGCN,0.8,rand,4,16,nearest,50,1.1409326791763306,33.00665903091431,EvolveGCNO
96,chickenpox,STGCN,0.8,rand,4,16,cubic,50,1.4551771879196167,20.122721195220947,EvolveGCNO
97,chickenpox,STGCN,0.8,rand,4,16,nearest,50,1.2446019649505615,19.73131465911865,EvolveGCNO
98,chickenpox,IT-STGCN,0.8,rand,4,16,cubic,50,1.4227077960968018,33.15454387664795,EvolveGCNO
99,chickenpox,IT-STGCN,0.8,rand,4,16,nearest,50,1.241416096687317,33.780380964279175,EvolveGCNO
100,chickenpox,STGCN,0.8,rand,4,16,cubic,50,1.178073763847351,19.75907063484192,EvolveGCNO
101,chickenpox,STGCN,0.8,rand,4,16,nearest,50,1.400822639465332,19.7955482006073,EvolveGCNO
102,chickenpox,IT-STGCN,0.8,rand,4,16,cubic,50,1.3155770301818848,33.60744762420654,EvolveGCNO
103,chickenpox,IT-STGCN,0.8,rand,4,16,nearest,50,1.219700813293457,32.368369579315186,EvolveGCNO
104,chickenpox,STGCN,0.8,rand,4,16,cubic,50,1.2666324377059937,27.312081336975098,EvolveGCNO
105,chickenpox,STGCN,0.8,rand,4,16,nearest,50,1.2316542863845823,29.90591835975647,EvolveGCNO
106,chickenpox,IT-STGCN,0.8,rand,4,16,cubic,50,1.3069419860839844,42.03571581840515,EvolveGCNO
107,chickenpox,IT-STGCN,0.8,rand,4,16,nearest,50,1.1914641857147217,32.06054210662842,EvolveGCNO
108,chickenpox,STGCN,0.8,rand,4,16,cubic,50,1.240201473236084,20.26106095314026,EvolveGCNO
109,chickenpox,STGCN,0.8,rand,4,16,nearest,50,1.20282244682312,20.394211053848267,EvolveGCNO
110,chickenpox,IT-STGCN,0.8,rand,4,16,cubic,50,1.1576706171035769,33.650766134262085,EvolveGCNO
111,chickenpox,IT-STGCN,0.8,rand,4,16,nearest,50,1.1892987489700315,32.00278353691101,EvolveGCNO
112,chickenpox,STGCN,0.8,rand,4,16,cubic,50,1.206687092781067,20.136919736862183,EvolveGCNO
113,chickenpox,STGCN,0.8,rand,4,16,nearest,50,1.4726799726486206,20.235548973083496,EvolveGCNO
114,chickenpox,IT-STGCN,0.8,rand,4,16,cubic,50,1.1301952600479126,32.73879957199097,EvolveGCNO
115,chickenpox,IT-STGCN,0.8,rand,4,16,nearest,50,1.1927281618118286,38.1958236694336,EvolveGCNO
116,chickenpox,STGCN,0.8,rand,4,16,cubic,50,1.274999737739563,29.24337387084961,EvolveGCNO
117,chickenpox,STGCN,0.8,rand,4,16,nearest,50,1.1907527446746826,29.04200029373169,EvolveGCNO
118,chickenpox,IT-STGCN,0.8,rand,4,16,cubic,50,1.15797758102417,32.9335036277771,EvolveGCNO
119,chickenpox,IT-STGCN,0.8,rand,4,16,nearest,50,1.2181856632232666,32.57457137107849,EvolveGCNO
0,chickenpox,STGCN,0.8,rand,4,12,cubic,50,1.8716909885406492,43.975417613983154,TGCN
1,chickenpox,STGCN,0.8,rand,4,12,nearest,50,1.4152796268463137,44.76459956169128,TGCN
2,chickenpox,IT-STGCN,0.8,rand,4,12,cubic,50,1.5852737426757812,60.83543348312378,TGCN
3,chickenpox,IT-STGCN,0.8,rand,4,12,nearest,50,1.1654751300811768,68.72104930877686,TGCN
4,chickenpox,STGCN,0.8,rand,4,12,cubic,50,2.135824680328369,59.66700267791748,TGCN
5,chickenpox,STGCN,0.8,rand,4,12,nearest,50,1.4944349527359009,46.54622030258179,TGCN
6,chickenpox,IT-STGCN,0.8,rand,4,12,cubic,50,1.3631794452667236,57.99195766448975,TGCN
7,chickenpox,IT-STGCN,0.8,rand,4,12,nearest,50,1.1339120864868164,58.40776944160461,TGCN
8,chickenpox,STGCN,0.8,rand,4,12,cubic,50,2.5593903064727783,49.90293526649475,TGCN
9,chickenpox,STGCN,0.8,rand,4,12,nearest,50,1.4306286573410034,60.31006932258606,TGCN
10,chickenpox,IT-STGCN,0.8,rand,4,12,cubic,50,1.5971412658691406,73.44551730155945,TGCN
11,chickenpox,IT-STGCN,0.8,rand,4,12,nearest,50,1.1620277166366575,59.38094210624695,TGCN
12,chickenpox,STGCN,0.8,rand,4,12,cubic,50,2.490189790725708,45.8400559425354,TGCN
13,chickenpox,STGCN,0.8,rand,4,12,nearest,50,1.3130629062652588,49.059110164642334,TGCN
14,chickenpox,IT-STGCN,0.8,rand,4,12,cubic,50,1.5414788722991943,59.25074648857117,TGCN
15,chickenpox,IT-STGCN,0.8,rand,4,12,nearest,50,1.214455008506775,84.73484492301941,TGCN
16,chickenpox,STGCN,0.8,rand,4,12,cubic,50,2.57283878326416,45.94586539268494,TGCN
17,chickenpox,STGCN,0.8,rand,4,12,nearest,50,1.3684769868850708,44.2310631275177,TGCN
18,chickenpox,IT-STGCN,0.8,rand,4,12,cubic,50,1.5783799886703491,57.95449066162109,TGCN
19,chickenpox,IT-STGCN,0.8,rand,4,12,nearest,50,1.152040719985962,56.27451872825623,TGCN
20,chickenpox,STGCN,0.8,rand,4,12,cubic,50,2.6452746391296387,53.72917675971985,TGCN
21,chickenpox,STGCN,0.8,rand,4,12,nearest,50,1.5166033506393433,65.93569684028625,TGCN
22,chickenpox,IT-STGCN,0.8,rand,4,12,cubic,50,1.535090088844299,58.265990018844604,TGCN
23,chickenpox,IT-STGCN,0.8,rand,4,12,nearest,50,1.148138403892517,57.79262161254883,TGCN
24,chickenpox,STGCN,0.8,rand,4,12,cubic,50,1.6111009120941162,46.69521927833557,TGCN
25,chickenpox,STGCN,0.8,rand,4,12,nearest,50,1.4652758836746216,51.8429126739502,TGCN
26,chickenpox,IT-STGCN,0.8,rand,4,12,cubic,50,1.617282509803772,75.77095746994019,TGCN
27,chickenpox,IT-STGCN,0.8,rand,4,12,nearest,50,1.2462557554244995,68.95840859413147,TGCN
28,chickenpox,STGCN,0.8,rand,4,12,cubic,50,2.613668918609619,45.3233585357666,TGCN
29,chickenpox,STGCN,0.8,rand,4,12,nearest,50,1.4599688053131104,44.80763649940491,TGCN
30,chickenpox,IT-STGCN,0.8,rand,4,12,cubic,50,1.4182699918746948,56.8969624042511,TGCN
31,chickenpox,IT-STGCN,0.8,rand,4,12,nearest,50,1.1186593770980835,56.38603758811951,TGCN
32,chickenpox,STGCN,0.8,rand,4,12,cubic,50,2.207939863204956,65.92402958869934,TGCN
33,chickenpox,STGCN,0.8,rand,4,12,nearest,50,1.4057108163833618,52.88817548751831,TGCN
34,chickenpox,IT-STGCN,0.8,rand,4,12,cubic,50,1.37026846408844,58.80830001831055,TGCN
35,chickenpox,IT-STGCN,0.8,rand,4,12,nearest,50,1.181554079055786,57.292627811431885,TGCN
36,chickenpox,STGCN,0.8,rand,4,12,cubic,50,1.9317446947097776,44.93784832954407,TGCN
37,chickenpox,STGCN,0.8,rand,4,12,nearest,50,1.4506126642227173,45.27347922325134,TGCN
38,chickenpox,IT-STGCN,0.8,rand,4,12,cubic,50,1.45666241645813,80.58048224449158,TGCN
39,chickenpox,IT-STGCN,0.8,rand,4,12,nearest,50,1.230322003364563,61.731279134750366,TGCN
40,chickenpox,STGCN,0.8,rand,4,12,cubic,50,1.9211080074310305,45.55732345581055,TGCN
41,chickenpox,STGCN,0.8,rand,4,12,nearest,50,1.4401206970214844,44.84753441810608,TGCN
42,chickenpox,IT-STGCN,0.8,rand,4,12,cubic,50,1.5741206407546997,60.030641078948975,TGCN
43,chickenpox,IT-STGCN,0.8,rand,4,12,nearest,50,1.2143633365631104,62.57265377044678,TGCN
44,chickenpox,STGCN,0.8,rand,4,12,cubic,50,2.3568077087402344,64.12425708770752,TGCN
45,chickenpox,STGCN,0.8,rand,4,12,nearest,50,1.4341566562652588,45.623619556427,TGCN
46,chickenpox,IT-STGCN,0.8,rand,4,12,cubic,50,1.522395372390747,58.4023072719574,TGCN
47,chickenpox,IT-STGCN,0.8,rand,4,12,nearest,50,1.1727367639541626,55.72211956977844,TGCN
48,chickenpox,STGCN,0.8,rand,4,12,cubic,50,2.171377897262573,44.4107666015625,TGCN
49,chickenpox,STGCN,0.8,rand,4,12,nearest,50,1.5127822160720823,44.10294699668884,TGCN
50,chickenpox,IT-STGCN,0.8,rand,4,12,cubic,50,1.6376699209213257,85.11004042625427,TGCN
51,chickenpox,IT-STGCN,0.8,rand,4,12,nearest,50,1.196033239364624,56.75604772567749,TGCN
52,chickenpox,STGCN,0.8,rand,4,12,cubic,50,2.504941940307617,44.24520421028137,TGCN
53,chickenpox,STGCN,0.8,rand,4,12,nearest,50,1.4462122917175293,45.3784236907959,TGCN
54,chickenpox,IT-STGCN,0.8,rand,4,12,cubic,50,1.4669914245605469,57.7460663318634,TGCN
55,chickenpox,IT-STGCN,0.8,rand,4,12,nearest,50,1.207929015159607,65.81239533424377,TGCN
56,chickenpox,STGCN,0.8,rand,4,12,cubic,50,2.086254835128784,64.35567474365234,TGCN
57,chickenpox,STGCN,0.8,rand,4,12,nearest,50,1.4544821977615356,47.75050973892212,TGCN
58,chickenpox,IT-STGCN,0.8,rand,4,12,cubic,50,1.6646019220352173,58.46112847328186,TGCN
59,chickenpox,IT-STGCN,0.8,rand,4,12,nearest,50,1.2074553966522217,59.8252387046814,TGCN
60,chickenpox,STGCN,0.8,rand,4,12,cubic,50,2.055825710296631,48.62393045425415,TGCN
61,chickenpox,STGCN,0.8,rand,4,12,nearest,50,1.437423825263977,56.28021860122681,TGCN
62,chickenpox,IT-STGCN,0.8,rand,4,12,cubic,50,1.5510607957839966,77.440021276474,TGCN
63,chickenpox,IT-STGCN,0.8,rand,4,12,nearest,50,1.206061840057373,57.793219804763794,TGCN
64,chickenpox,STGCN,0.8,rand,4,12,cubic,50,2.4384477138519287,44.96210241317749,TGCN
65,chickenpox,STGCN,0.8,rand,4,12,nearest,50,1.4057056903839111,46.17683863639832,TGCN
66,chickenpox,IT-STGCN,0.8,rand,4,12,cubic,50,1.329213261604309,57.23547053337097,TGCN
67,chickenpox,IT-STGCN,0.8,rand,4,12,nearest,50,1.1748417615890503,78.32523727416992,TGCN
68,chickenpox,STGCN,0.8,rand,4,12,cubic,50,2.7170956134796143,54.35861206054688,TGCN
69,chickenpox,STGCN,0.8,rand,4,12,nearest,50,1.4656249284744265,44.83237409591675,TGCN
70,chickenpox,IT-STGCN,0.8,rand,4,12,cubic,50,1.4735788106918335,58.22915005683899,TGCN
71,chickenpox,IT-STGCN,0.8,rand,4,12,nearest,50,1.2135518789291382,55.64951300621033,TGCN
72,chickenpox,STGCN,0.8,rand,4,12,cubic,50,2.3503520488739014,45.23841166496277,TGCN
73,chickenpox,STGCN,0.8,rand,4,12,nearest,50,1.4582595825195312,63.087045431137085,TGCN
74,chickenpox,IT-STGCN,0.8,rand,4,12,cubic,50,1.6065809726715088,71.24399900436401,TGCN
75,chickenpox,IT-STGCN,0.8,rand,4,12,nearest,50,1.1954063177108765,56.9528865814209,TGCN
76,chickenpox,STGCN,0.8,rand,4,12,cubic,50,2.3149609565734863,44.475934982299805,TGCN
77,chickenpox,STGCN,0.8,rand,4,12,nearest,50,1.5646387338638306,44.92046117782593,TGCN
78,chickenpox,IT-STGCN,0.8,rand,4,12,cubic,50,1.7203305959701538,57.62085318565369,TGCN
79,chickenpox,IT-STGCN,0.8,rand,4,12,nearest,50,1.1672210693359375,56.0322630405426,TGCN
80,chickenpox,STGCN,0.8,rand,4,12,cubic,50,2.82669448852539,44.67525315284729,TGCN
81,chickenpox,STGCN,0.8,rand,4,12,nearest,50,1.3795650005340576,44.94716429710388,TGCN
82,chickenpox,IT-STGCN,0.8,rand,4,12,cubic,50,1.7328189611434937,58.34903383255005,TGCN
83,chickenpox,IT-STGCN,0.8,rand,4,12,nearest,50,1.257901668548584,56.721553564071655,TGCN
84,chickenpox,STGCN,0.8,rand,4,12,cubic,50,2.4221057891845703,44.35827994346619,TGCN
85,chickenpox,STGCN,0.8,rand,4,12,nearest,50,1.47077476978302,45.256054162979126,TGCN
86,chickenpox,IT-STGCN,0.8,rand,4,12,cubic,50,1.564661145210266,57.72358226776123,TGCN
87,chickenpox,IT-STGCN,0.8,rand,4,12,nearest,50,1.182624101638794,58.85341191291809,TGCN
88,chickenpox,STGCN,0.8,rand,4,12,cubic,50,1.9753330945968628,45.13650894165039,TGCN
89,chickenpox,STGCN,0.8,rand,4,12,nearest,50,1.4821672439575195,45.41976547241211,TGCN
90,chickenpox,IT-STGCN,0.8,rand,4,12,cubic,50,1.85977840423584,57.73638153076172,TGCN
91,chickenpox,IT-STGCN,0.8,rand,4,12,nearest,50,1.206615686416626,56.32732081413269,TGCN
92,chickenpox,STGCN,0.8,rand,4,12,cubic,50,2.4079818725585938,44.77360248565674,TGCN
93,chickenpox,STGCN,0.8,rand,4,12,nearest,50,1.3404295444488523,44.65518069267273,TGCN
94,chickenpox,IT-STGCN,0.8,rand,4,12,cubic,50,1.475494384765625,56.49369287490845,TGCN
95,chickenpox,IT-STGCN,0.8,rand,4,12,nearest,50,1.155718445777893,56.33361482620239,TGCN
96,chickenpox,STGCN,0.8,rand,4,12,cubic,50,2.432215452194214,44.91451954841614,TGCN
97,chickenpox,STGCN,0.8,rand,4,12,nearest,50,1.4733229875564575,44.55996513366699,TGCN
98,chickenpox,IT-STGCN,0.8,rand,4,12,cubic,50,1.4674549102783203,58.01568412780762,TGCN
99,chickenpox,IT-STGCN,0.8,rand,4,12,nearest,50,1.145712971687317,56.32107925415039,TGCN
100,chickenpox,STGCN,0.8,rand,4,12,cubic,50,2.85577130317688,45.59201741218567,TGCN
101,chickenpox,STGCN,0.8,rand,4,12,nearest,50,1.4636366367340088,47.711387157440186,TGCN
102,chickenpox,IT-STGCN,0.8,rand,4,12,cubic,50,1.6305716037750244,60.09140205383301,TGCN
103,chickenpox,IT-STGCN,0.8,rand,4,12,nearest,50,1.2237708568572998,55.94436454772949,TGCN
104,chickenpox,STGCN,0.8,rand,4,12,cubic,50,2.273564338684082,43.85072040557861,TGCN
105,chickenpox,STGCN,0.8,rand,4,12,nearest,50,1.3987338542938232,43.97308683395386,TGCN
106,chickenpox,IT-STGCN,0.8,rand,4,12,cubic,50,1.7357590198516846,56.38438367843628,TGCN
107,chickenpox,IT-STGCN,0.8,rand,4,12,nearest,50,1.15283465385437,57.91892647743225,TGCN
108,chickenpox,STGCN,0.8,rand,4,12,cubic,50,2.1650824546813965,48.20879769325256,TGCN
109,chickenpox,STGCN,0.8,rand,4,12,nearest,50,1.5261375904083252,48.40906763076782,TGCN
110,chickenpox,IT-STGCN,0.8,rand,4,12,cubic,50,1.4918361902236938,58.56904625892639,TGCN
111,chickenpox,IT-STGCN,0.8,rand,4,12,nearest,50,1.2464032173156738,57.705899238586426,TGCN
112,chickenpox,STGCN,0.8,rand,4,12,cubic,50,3.120192527770996,47.303725242614746,TGCN
113,chickenpox,STGCN,0.8,rand,4,12,nearest,50,1.3976662158966064,49.736406087875366,TGCN
114,chickenpox,IT-STGCN,0.8,rand,4,12,cubic,50,1.4535491466522217,58.02608609199524,TGCN
115,chickenpox,IT-STGCN,0.8,rand,4,12,nearest,50,1.2180864810943604,56.63512277603149,TGCN
116,chickenpox,STGCN,0.8,rand,4,12,cubic,50,1.8907287120819087,44.76801586151123,TGCN
117,chickenpox,STGCN,0.8,rand,4,12,nearest,50,1.5192759037017822,45.04898738861084,TGCN
118,chickenpox,IT-STGCN,0.8,rand,4,12,cubic,50,1.4381897449493408,56.93526530265808,TGCN
119,chickenpox,IT-STGCN,0.8,rand,4,12,nearest,50,1.1165919303894043,56.72799825668335,TGCN
0,chickenpox,STGCN,0.8,rand,4,16,cubic,50,3.055897951126098,38.72189998626709,DCRNN
1,chickenpox,STGCN,0.8,rand,4,16,nearest,50,2.111769914627075,39.260374307632446,DCRNN
2,chickenpox,IT-STGCN,0.8,rand,4,16,cubic,50,2.2692153453826904,51.102352142333984,DCRNN
3,chickenpox,IT-STGCN,0.8,rand,4,16,nearest,50,1.4092191457748413,50.70743560791016,DCRNN
4,chickenpox,STGCN,0.8,rand,4,16,cubic,50,2.925244808197021,38.700620889663696,DCRNN
5,chickenpox,STGCN,0.8,rand,4,16,nearest,50,2.331094026565552,38.89993357658386,DCRNN
6,chickenpox,IT-STGCN,0.8,rand,4,16,cubic,50,2.335463285446167,56.90249848365784,DCRNN
7,chickenpox,IT-STGCN,0.8,rand,4,16,nearest,50,1.544367790222168,50.29576373100281,DCRNN
8,chickenpox,STGCN,0.8,rand,4,16,cubic,50,2.968296527862549,38.789007902145386,DCRNN
9,chickenpox,STGCN,0.8,rand,4,16,nearest,50,2.224203824996948,42.577548027038574,DCRNN
10,chickenpox,IT-STGCN,0.8,rand,4,16,cubic,50,2.3516933917999268,52.15343189239502,DCRNN
11,chickenpox,IT-STGCN,0.8,rand,4,16,nearest,50,1.4302934408187866,50.81379699707031,DCRNN
12,chickenpox,STGCN,0.8,rand,4,16,cubic,50,2.9739465713500977,41.18396782875061,DCRNN
13,chickenpox,STGCN,0.8,rand,4,16,nearest,50,2.261456251144409,39.56025719642639,DCRNN
14,chickenpox,IT-STGCN,0.8,rand,4,16,cubic,50,2.236391544342041,52.82318902015686,DCRNN
15,chickenpox,IT-STGCN,0.8,rand,4,16,nearest,50,1.562736988067627,50.98146867752075,DCRNN
16,chickenpox,STGCN,0.8,rand,4,16,cubic,50,3.0119051933288574,39.747971057891846,DCRNN
17,chickenpox,STGCN,0.8,rand,4,16,nearest,50,2.2202959060668945,40.2992000579834,DCRNN
18,chickenpox,IT-STGCN,0.8,rand,4,16,cubic,50,2.228625535964966,54.8913688659668,DCRNN
19,chickenpox,IT-STGCN,0.8,rand,4,16,nearest,50,1.4031883478164673,91.21398854255676,DCRNN
20,chickenpox,STGCN,0.8,rand,4,16,cubic,50,2.797271966934204,40.63624668121338,DCRNN
21,chickenpox,STGCN,0.8,rand,4,16,nearest,50,2.2505340576171875,39.00841569900513,DCRNN
22,chickenpox,IT-STGCN,0.8,rand,4,16,cubic,50,2.2156379222869877,55.44520854949951,DCRNN
23,chickenpox,IT-STGCN,0.8,rand,4,16,nearest,50,1.373466968536377,53.85205841064453,DCRNN
24,chickenpox,STGCN,0.8,rand,4,16,cubic,50,3.131392478942871,45.008217096328735,DCRNN
25,chickenpox,STGCN,0.8,rand,4,16,nearest,50,2.207551956176758,54.15876293182373,DCRNN
26,chickenpox,IT-STGCN,0.8,rand,4,16,cubic,50,2.4153473377227783,128.57729411125183,DCRNN
27,chickenpox,IT-STGCN,0.8,rand,4,16,nearest,50,1.5050837993621826,57.39730191230774,DCRNN
28,chickenpox,STGCN,0.8,rand,4,16,cubic,50,2.9962034225463867,43.00933003425598,DCRNN
29,chickenpox,STGCN,0.8,rand,4,16,nearest,50,2.204803943634033,41.92648506164551,DCRNN
30,chickenpox,IT-STGCN,0.8,rand,4,16,cubic,50,2.347623825073242,51.13610291481018,DCRNN
31,chickenpox,IT-STGCN,0.8,rand,4,16,nearest,50,1.3973561525344849,57.96791434288025,DCRNN
32,chickenpox,STGCN,0.8,rand,4,16,cubic,50,2.943132162094116,60.199585914611816,DCRNN
33,chickenpox,STGCN,0.8,rand,4,16,nearest,50,2.220919609069824,53.04456186294556,DCRNN
34,chickenpox,IT-STGCN,0.8,rand,4,16,cubic,50,2.217534065246582,50.89805865287781,DCRNN
35,chickenpox,IT-STGCN,0.8,rand,4,16,nearest,50,1.5264842510223389,51.20108079910278,DCRNN
36,chickenpox,STGCN,0.8,rand,4,16,cubic,50,3.0617101192474365,38.82605957984924,DCRNN
37,chickenpox,STGCN,0.8,rand,4,16,nearest,50,2.237980842590332,38.75876832008362,DCRNN
38,chickenpox,IT-STGCN,0.8,rand,4,16,cubic,50,2.381063222885132,50.75953888893128,DCRNN
39,chickenpox,IT-STGCN,0.8,rand,4,16,nearest,50,1.3805071115493774,77.7770414352417,DCRNN
40,chickenpox,STGCN,0.8,rand,4,16,cubic,50,3.0347466468811035,51.45077204704285,DCRNN
41,chickenpox,STGCN,0.8,rand,4,16,nearest,50,2.247150421142578,39.23087382316589,DCRNN
42,chickenpox,IT-STGCN,0.8,rand,4,16,cubic,50,2.452245712280273,53.127697229385376,DCRNN
43,chickenpox,IT-STGCN,0.8,rand,4,16,nearest,50,1.406519651412964,51.23154544830322,DCRNN
44,chickenpox,STGCN,0.8,rand,4,16,cubic,50,2.9816434383392334,39.47024893760681,DCRNN
45,chickenpox,STGCN,0.8,rand,4,16,nearest,50,2.2232980728149414,39.46513080596924,DCRNN
46,chickenpox,IT-STGCN,0.8,rand,4,16,cubic,50,2.292484998703003,79.55655169487,DCRNN
47,chickenpox,IT-STGCN,0.8,rand,4,16,nearest,50,1.4186735153198242,60.446120738983154,DCRNN
48,chickenpox,STGCN,0.8,rand,4,16,cubic,50,2.82649827003479,41.1657280921936,DCRNN
49,chickenpox,STGCN,0.8,rand,4,16,nearest,50,2.256919860839844,39.0928053855896,DCRNN
50,chickenpox,IT-STGCN,0.8,rand,4,16,cubic,50,2.0155599117279053,50.52988386154175,DCRNN
51,chickenpox,IT-STGCN,0.8,rand,4,16,nearest,50,1.452999234199524,50.58514451980591,DCRNN
52,chickenpox,STGCN,0.8,rand,4,16,cubic,50,3.070992946624756,48.75306463241577,DCRNN
53,chickenpox,STGCN,0.8,rand,4,16,nearest,50,2.287856101989746,58.19961881637573,DCRNN
54,chickenpox,IT-STGCN,0.8,rand,4,16,cubic,50,2.3726320266723637,54.40969729423523,DCRNN
55,chickenpox,IT-STGCN,0.8,rand,4,16,nearest,50,1.372400164604187,52.00258731842041,DCRNN
56,chickenpox,STGCN,0.8,rand,4,16,cubic,50,3.075439214706421,39.16883111000061,DCRNN
57,chickenpox,STGCN,0.8,rand,4,16,nearest,50,2.230025291442871,38.57899212837219,DCRNN
58,chickenpox,IT-STGCN,0.8,rand,4,16,cubic,50,2.220450162887573,51.31611752510071,DCRNN
59,chickenpox,IT-STGCN,0.8,rand,4,16,nearest,50,1.336188793182373,70.47245740890503,DCRNN
60,chickenpox,STGCN,0.8,rand,4,16,cubic,50,3.028254270553589,51.89140343666077,DCRNN
61,chickenpox,STGCN,0.8,rand,4,16,nearest,50,2.118443727493286,39.241392850875854,DCRNN
62,chickenpox,IT-STGCN,0.8,rand,4,16,cubic,50,2.1870076656341557,51.794392824172974,DCRNN
63,chickenpox,IT-STGCN,0.8,rand,4,16,nearest,50,1.514122724533081,51.19555807113648,DCRNN
64,chickenpox,STGCN,0.8,rand,4,16,cubic,50,2.924333095550537,39.2422103881836,DCRNN
65,chickenpox,STGCN,0.8,rand,4,16,nearest,50,2.2967429161071777,39.930099964141846,DCRNN
66,chickenpox,IT-STGCN,0.8,rand,4,16,cubic,50,2.076200008392334,86.13868188858032,DCRNN
67,chickenpox,IT-STGCN,0.8,rand,4,16,nearest,50,1.428836464881897,59.71321797370911,DCRNN
68,chickenpox,STGCN,0.8,rand,4,16,cubic,50,3.158107280731201,38.98991656303406,DCRNN
69,chickenpox,STGCN,0.8,rand,4,16,nearest,50,2.217710018157959,38.76065993309021,DCRNN
70,chickenpox,IT-STGCN,0.8,rand,4,16,cubic,50,2.2955482006073,55.07439637184143,DCRNN
71,chickenpox,IT-STGCN,0.8,rand,4,16,nearest,50,1.4901299476623535,51.1054756641388,DCRNN
72,chickenpox,STGCN,0.8,rand,4,16,cubic,50,2.934813499450684,52.79104161262512,DCRNN
73,chickenpox,STGCN,0.8,rand,4,16,nearest,50,2.2978880405426025,62.95845675468445,DCRNN
74,chickenpox,IT-STGCN,0.8,rand,4,16,cubic,50,2.311962366104126,52.39466643333435,DCRNN
75,chickenpox,IT-STGCN,0.8,rand,4,16,nearest,50,1.3708610534667969,50.30730581283569,DCRNN
76,chickenpox,STGCN,0.8,rand,4,16,cubic,50,3.019970655441284,38.48903965950012,DCRNN
77,chickenpox,STGCN,0.8,rand,4,16,nearest,50,2.308629512786865,38.40370488166809,DCRNN
78,chickenpox,IT-STGCN,0.8,rand,4,16,cubic,50,2.4148759841918945,51.46114230155945,DCRNN
79,chickenpox,IT-STGCN,0.8,rand,4,16,nearest,50,1.3538377285003662,86.89445519447327,DCRNN
80,chickenpox,STGCN,0.8,rand,4,16,cubic,50,2.867210149765014,41.37567448616028,DCRNN
81,chickenpox,STGCN,0.8,rand,4,16,nearest,50,2.293473482131958,38.83163404464722,DCRNN
82,chickenpox,IT-STGCN,0.8,rand,4,16,cubic,50,2.4075560569763184,50.86629247665405,DCRNN
83,chickenpox,IT-STGCN,0.8,rand,4,16,nearest,50,1.6311933994293213,50.4456627368927,DCRNN
84,chickenpox,STGCN,0.8,rand,4,16,cubic,50,2.8650050163269043,40.29918050765991,DCRNN
85,chickenpox,STGCN,0.8,rand,4,16,nearest,50,2.323354959487915,46.90361380577088,DCRNN
86,chickenpox,IT-STGCN,0.8,rand,4,16,cubic,50,2.306839227676392,81.07904028892517,DCRNN
87,chickenpox,IT-STGCN,0.8,rand,4,16,nearest,50,1.508708953857422,51.49094986915589,DCRNN
88,chickenpox,STGCN,0.8,rand,4,16,cubic,50,2.945035219192505,40.25613784790039,DCRNN
89,chickenpox,STGCN,0.8,rand,4,16,nearest,50,2.226409912109375,38.50653004646301,DCRNN
90,chickenpox,IT-STGCN,0.8,rand,4,16,cubic,50,2.1875483989715576,51.63672089576721,DCRNN
91,chickenpox,IT-STGCN,0.8,rand,4,16,nearest,50,1.5592448711395264,50.40837097167969,DCRNN
92,chickenpox,STGCN,0.8,rand,4,16,cubic,50,2.899127960205078,50.21120548248291,DCRNN
93,chickenpox,STGCN,0.8,rand,4,16,nearest,50,2.1787362098693848,57.47026515007019,DCRNN
94,chickenpox,IT-STGCN,0.8,rand,4,16,cubic,50,2.304936647415161,51.263951539993286,DCRNN
95,chickenpox,IT-STGCN,0.8,rand,4,16,nearest,50,1.4966042041778564,52.31906604766846,DCRNN
96,chickenpox,STGCN,0.8,rand,4,16,cubic,50,3.102275848388672,40.04672360420227,DCRNN
97,chickenpox,STGCN,0.8,rand,4,16,nearest,50,2.1456449031829834,39.03838491439819,DCRNN
98,chickenpox,IT-STGCN,0.8,rand,4,16,cubic,50,2.3568882942199707,51.22397565841675,DCRNN
99,chickenpox,IT-STGCN,0.8,rand,4,16,nearest,50,1.4489827156066897,71.66214489936829,DCRNN
100,chickenpox,STGCN,0.8,rand,4,16,cubic,50,2.976112127304077,47.97150897979736,DCRNN
101,chickenpox,STGCN,0.8,rand,4,16,nearest,50,2.380849123001098,40.12041783332825,DCRNN
102,chickenpox,IT-STGCN,0.8,rand,4,16,cubic,50,2.3938512802124023,50.73525786399841,DCRNN
103,chickenpox,IT-STGCN,0.8,rand,4,16,nearest,50,1.4967670440673828,50.65272283554077,DCRNN
104,chickenpox,STGCN,0.8,rand,4,16,cubic,50,2.9661850929260254,41.41011261940002,DCRNN
105,chickenpox,STGCN,0.8,rand,4,16,nearest,50,2.199770212173462,40.763733863830566,DCRNN
106,chickenpox,IT-STGCN,0.8,rand,4,16,cubic,50,2.132356882095337,80.0846917629242,DCRNN
107,chickenpox,IT-STGCN,0.8,rand,4,16,nearest,50,1.443966269493103,55.4424262046814,DCRNN
108,chickenpox,STGCN,0.8,rand,4,16,cubic,50,3.0586817264556885,39.56168985366821,DCRNN
109,chickenpox,STGCN,0.8,rand,4,16,nearest,50,2.159703493118286,39.10923886299133,DCRNN
110,chickenpox,IT-STGCN,0.8,rand,4,16,cubic,50,2.099561929702759,50.833616495132446,DCRNN
111,chickenpox,IT-STGCN,0.8,rand,4,16,nearest,50,1.509536623954773,54.06894516944885,DCRNN
112,chickenpox,STGCN,0.8,rand,4,16,cubic,50,3.125023126602173,46.35176992416382,DCRNN
113,chickenpox,STGCN,0.8,rand,4,16,nearest,50,2.239001989364624,53.80140972137451,DCRNN
114,chickenpox,IT-STGCN,0.8,rand,4,16,cubic,50,2.1993179321289062,63.89603328704834,DCRNN
115,chickenpox,IT-STGCN,0.8,rand,4,16,nearest,50,1.41689133644104,51.48618149757385,DCRNN
116,chickenpox,STGCN,0.8,rand,4,16,cubic,50,2.962191343307495,38.694652795791626,DCRNN
117,chickenpox,STGCN,0.8,rand,4,16,nearest,50,2.1921579837799072,39.46810698509216,DCRNN
118,chickenpox,IT-STGCN,0.8,rand,4,16,cubic,50,2.359784841537476,54.42742013931274,DCRNN
119,chickenpox,IT-STGCN,0.8,rand,4,16,nearest,50,1.4771054983139038,69.1698739528656,DCRNN
